{
  "index": 2,
  "saved_at": 1783148032.6302116,
  "timestamp": {
    "color_timestamp": 1783148032324.0,
    "depth_timestamp": 1783148032325.0
  },
  "intrinsics": {
    "rgb": {
      "width": 1280,
      "height": 800,
      "fx": 610.8458862304688,
      "fy": 610.6470336914062,
      "cx": 644.3381958007812,
      "cy": 403.04217529296875
    },
    "depth": {
      "width": 1280,
      "height": 800,
      "fx": 618.3020629882812,
      "fy": 618.3020629882812,
      "cx": 635.5,
      "cy": 400.0
    }
  }
}