{
  "index": 1,
  "saved_at": 1783051087.15305,
  "timestamp": {
    "color_timestamp": 1120633.0,
    "depth_timestamp": 1120634.0
  },
  "intrinsics": {
    "rgb": {
      "width": 1280,
      "height": 800,
      "fx": 610.8458862304688,
      "fy": 610.6470336914062,
      "cx": 644.3381958007812,
      "cy": 403.04217529296875
    },
    "depth": {
      "width": 1280,
      "height": 800,
      "fx": 618.3020629882812,
      "fy": 618.3020629882812,
      "cx": 635.5,
      "cy": 400.0
    }
  }
}